resid,resname,atom,x,y,z,apbs_value_0p15M,grid_i,grid_j,grid_k
149,ASN,N,-8.596,-2.172,-16.277,-157.2982,49,78,48
149,ASN,CA,-8.444,-3.504,-16.878,12.10468,49,76,47
149,ASN,C,-7.694,-3.513,-18.23,315.7692,50,76,44
149,ASN,CB,-9.815,-4.203,-16.895,22.83015,46,74,46
149,ASN,O,-8.036,-4.258,-19.141,-385.1203,50,74,42
149,ASN,CG,-10.359,-4.44,-15.499,348.5058,45,74,49
149,ASN,ND2,-11.66,-4.517,-15.354,-278.241,42,73,50
149,ASN,OD1,-9.622,-4.56,-14.53,-272.8439,46,73,51
152,ARG,N,-1.26,-5.296,-21.436,-181.0648,63,72,37
152,ARG,CA,0.152,-4.908,-21.267,32.28102,66,73,38
152,ARG,C,0.681,-4.043,-22.417,320.7103,67,74,35
152,ARG,CB,1.038,-6.146,-21.086,35.30625,68,70,38
152,ARG,O,1.687,-3.359,-22.19,-405.8517,69,76,36
152,ARG,CG,0.78,-6.872,-19.759,42.89089,67,69,41
152,ARG,CD,1.802,-8.005,-19.6,262.9034,69,67,41
152,ARG,NE,1.598,-8.766,-18.352,-153.7441,69,65,44
152,ARG,NH1,3.468,-10.097,-18.526,-353.7292,73,62,43
152,ARG,NH2,2.049,-10.409,-16.837,-371.2784,70,62,47
152,ARG,CZ,2.372,-9.745,-17.91,157.3548,70,63,44
153,GLY,N,0.05,-4.094,-23.59,-200.5715,66,74,33
153,GLY,CA,0.418,-3.313,-24.773,36.29532,67,76,31
153,GLY,C,-0.065,-1.865,-24.704,366.1144,66,79,31
153,GLY,O,0.581,-0.983,-25.264,-327.5906,67,81,30
161,ILE,N,-5.445,9.756,-14.53,-237.6153,55,102,51
161,ILE,CA,-6.423,10.702,-13.99,19.05218,53,104,52
161,ILE,C,-5.765,12.074,-13.808,342.4328,54,107,53
161,ILE,CB,-7.046,10.176,-12.678,13.83614,52,103,55
161,ILE,O,-4.757,12.215,-13.102,-416.6471,56,107,54
161,ILE,CG1,-7.758,8.826,-12.938,9.425444,50,100,54
161,ILE,CG2,-8.03,11.212,-12.099,11.14694,50,105,56
161,ILE,CD1,-8.294,8.135,-11.68,7.879985,49,99,57
162,ARG,N,-6.356,13.088,-14.444,-213.03,53,109,51
162,ARG,CA,-5.952,14.488,-14.319,35.27283,54,112,52
162,ARG,C,-6.957,15.234,-13.458,384.3626,52,113,53
162,ARG,CB,-5.813,15.159,-15.692,26.03491,54,113,49
162,ARG,O,-8.156,15.03,-13.582,-316.8457,49,113,53
162,ARG,CG,-4.926,14.378,-16.671,35.54905,56,111,47
162,ARG,CD,-4.424,15.308,-17.781,308.0436,57,113,45
162,ARG,NE,-3.483,14.623,-18.685,-182.7529,59,112,43
162,ARG,NH1,-2.922,16.459,-19.954,-352.6123,60,115,40
162,ARG,NH2,-2.012,14.478,-20.417,-260.5309,62,111,39
162,ARG,CZ,-2.81,15.189,-19.673,236.7455,60,113,41
163,ARG,N,-6.465,16.133,-12.611,-227.3814,53,115,55
163,ARG,CA,-7.304,17.022,-11.805,37.27247,51,117,57
163,ARG,C,-7.292,18.419,-12.405,319.831,51,119,55
163,ARG,CB,-6.83,16.989,-10.348,27.68043,52,117,60
163,ARG,O,-6.211,18.993,-12.557,-307.4744,53,121,55
163,ARG,CG,-7.781,17.774,-9.432,33.61868,50,118,61
163,ARG,CD,-7.442,17.556,-7.954,260.9909,51,118,64
163,ARG,NE,-6.142,18.16,-7.585,-162.305,53,119,65
163,ARG,NH1,-6.956,19.942,-6.375,-327.7674,52,122,68
163,ARG,NH2,-4.757,19.648,-6.557,-464.6481,56,122,67
163,ARG,CZ,-5.963,19.244,-6.849,181.1379,54,121,67
