pocket,distance_A,rRNA_chain,rRNA_residue,rRNA_atom
Human_pocket5,1.3928465415496292,2,C67,OP1
Human_pocket5,2.121670565217168,2,C65,N4
Human_pocket5,2.649288721625878,2,C168,O2
Human_pocket5,2.6804619008430755,2,C67,P
Human_pocket5,2.73235713535961,2,C65,OP1
Human_pocket5,2.774876455179578,2,U169,C4'
Human_pocket5,2.845614381206172,2,C65,C5'
Human_pocket5,3.0501821733341163,2,U169,C5'
Human_pocket5,3.0543928251185775,2,C168,O2'
Human_pocket5,3.1663996728476826,2,C65,C4
Human_pocket5,3.1687067110749965,2,G66,O3'
Human_pocket5,3.1838220780245314,2,C65,O4'
Human_pocket5,3.2477540088032275,2,A150,N6
Human_pocket5,3.3080063075223562,2,U169,O4'
Human_pocket5,3.4048853661103045,2,C65,N3
Human_pocket5,3.4518079940997954,2,C65,P
Human_pocket5,3.5012083969966814,2,C65,OP2
Human_pocket5,3.525571112869257,2,C65,C5
Human_pocket5,3.5322910481157646,2,C78,C5'
Human_pocket5,3.540450630864399,2,U169,O3'
Human_pocket5,3.5676309927082315,2,C67,OP2
Human_pocket5,3.578661828361654,2,C65,C6
Human_pocket5,3.588929525724319,2,C65,C2
Human_pocket5,3.6030595605266877,2,C65,C4'
Human_pocket5,3.6042962246846604,2,A170,OP1
Human_pocket5,3.61785196732855,2,C168,C2
Human_pocket5,3.625878587649391,2,U169,O2'
Human_pocket5,3.629509296500053,2,C78,C4'
Human_pocket5,3.657612324440469,2,C168,C2'
Human_pocket5,3.6751039191331443,2,C65,O2
Human_pocket5,3.6891702298417366,2,U169,C3'
Human_pocket5,3.76853390603655,2,A170,O5'
Human_pocket5,3.81304161114717,2,C65,N1
Human_pocket5,3.8255348052069147,2,U169,C1'
Human_pocket5,3.8319817502130102,2,C65,O2'
Human_pocket5,3.8615049385700564,2,C67,O5'
Human_pocket5,3.9052188922704723,2,A170,O2'
Human_pocket5,3.9287022819087016,2,A170,C4'
Human_pocket5,3.9314996883537416,2,C65,O5'
Human_pocket5,3.940305469612975,2,A170,O4'
Human_pocket5,3.965173951839796,2,C168,N3
Human_pocket5,4.0400129297322955,2,A170,P
Human_pocket5,4.042546605587497,2,A77,O2'
Human_pocket5,4.071293752035888,2,A150,C6
Human_pocket5,4.084767785327511,2,A150,N1
Human_pocket5,4.165569610128911,2,A64,OP1
Human_pocket5,4.193278259928267,2,C65,C1'
Human_pocket5,4.218760511935383,2,A64,O5'
Human_pocket5,4.248373052592684,2,A170,C5'
Human_pocket5,4.278760918165561,2,A170,C1'
Human_pocket5,4.32992918918576,2,U169,O2
Human_pocket5,4.357628299960175,2,C78,O4'
Human_pocket5,4.379339611483034,2,U169,C2'
Human_pocket5,4.428109665161327,2,U169,O5'
Human_pocket5,4.429205348048994,2,C65,C2'
Human_pocket5,4.442254844822986,2,C67,C5'
Human_pocket5,4.470463923655237,2,U169,N1
Human_pocket5,4.506668566730496,2,G66,C3'
Human_pocket5,4.5104199276429515,2,C168,C1'
Human_pocket5,4.618858444388538,2,A170,C2'
Human_pocket5,4.646143221681453,2,U169,C2
Human_pocket5,4.740269571342401,2,A64,P
Human_pocket5,4.763425673562807,2,C168,N1
Human_pocket5,4.803971012931232,2,U63,O3'
Human_pocket5,4.82201286812695,2,C65,C3'
Human_pocket5,4.862187688794928,2,A170,C3'
Human_pocket5,4.8696479618129604,2,C78,C3'
Human_pocket5,4.879335894521203,2,C65,O3'
Human_pocket5,4.909386749091095,2,C78,O5'
Human_pocket5,4.920231023897637,2,A64,O3'
Human_pocket5,4.948581803305637,2,C78,O3'
Human_pocket5,4.965007083974675,2,G66,C4'
Human_pocket5,4.966419830042737,2,C168,C3'
