species,pocket,fpocket_score,druggability_score,n_alpha_spheres,total_SASA,polar_SASA,apolar_SASA,volume,mean_local_hydrophobic_density,mean_alpha_sphere_radius,mean_alpha_sphere_solvent_access,apolar_alpha_sphere_proportion,hydrophobicity_score,volume_score,polarity_score,charge_score,proportion_polar_atoms,alpha_sphere_density,flexibility,n_atoms,n_residues,mean_APBS_0p15M,median_APBS_0p15M,min_APBS_0p15M,max_APBS_0p15M,fraction_positive,fraction_gt_25,fraction_gt_50,fraction_gt_100,residue_list,n_basic_residues_x,n_acidic_residues,n_polar_residues,n_aromatic_residues,n_hydrophobic_residues,frac_basic_residues,frac_acidic_residues,frac_polar_residues,frac_aromatic_residues,frac_hydrophobic_residues,electropositive_patch_overlap_score,geometry_exposure_score,overall_candidate_score,n_pocket_residues,mean_residue_SASA,median_residue_SASA,total_pocket_residue_SASA,n_basic_residues_y,mean_basic_residue_SASA,total_basic_residue_SASA,residue_SASA_list
TcS6_Q4DSU0,2,0.171,0.001,31.0,104.906,56.601,48.305,427.324,7.0,4.025,0.619,0.258,-14.2,5.4,5.0,4.0,52.0,3.935,0.838,25,5,1146.491464,985.4726,467.6141,2138.262,1.0,1.0,1.0,1.0,ARG230A; ARG231A; ASN227A; HIS234A; LYS235A,4.0,0.0,2.0,1.0,0.0,0.8,0.0,0.4,0.2,0.0,1.0,0.4081137935401344,0.7528398277390471,5,143.97784168581626,136.18368100251433,719.8892084290812,4,155.94167242213575,623.766689688543,ASN227A:96.1; ARG230A:178.2; ARG231A:174.0; HIS234A:135.4; LYS235A:136.2
TcS6_Q4DSU0,11,0.032,0.001,22.0,127.118,53.453,73.665,429.494,5.143,4.03,0.621,0.318,-5.667,4.667,5.0,3.0,39.13,4.29,0.909,23,6,1080.786595652174,922.4421,480.9663,1955.401,1.0,1.0,1.0,1.0,ALA223A; ARG220A; ARG224A; ARG231A; ASN227A; SER228A,3.0,0.0,2.0,0.0,1.0,0.5,0.0,0.3333333333333333,0.0,0.1666666666666666,1.0,0.4263754117606147,0.6992313941162152,6,122.00245636598635,170.336814385632,732.0147381959181,3,173.82836370567088,521.4850911170126,ARG220A:170.3; ALA223A:48.1; ARG224A:177.2; ASN227A:96.1; SER228A:66.4; ARG231A:174.0
TcS6_Q4DSU0,5,0.112,0.002,19.0,80.888,33.791,47.098,395.673,7.0,4.008,0.575,0.421,-10.4,5.2,4.0,3.0,44.444,3.496,0.959,18,5,872.1278333333335,782.9791,442.2457,1806.905,1.0,1.0,1.0,1.0,ARG220A; ARG221A; ARG224A; GLN225A; GLY217A,3.0,0.0,1.0,0.0,0.0,0.6,0.0,0.2,0.0,0.0,1.0,0.3663748349165847,0.6982311922208047,5,129.13669409647517,161.60684362250115,645.6834704823758,3,169.70449974905867,509.11349924717604,GLY217A:35.3; ARG220A:170.3; ARG221A:161.6; ARG224A:177.2; GLN225A:101.3
Human_RPS6,9,0.059,0.001,17.0,108.396,56.468,51.928,347.458,5.0,3.906,0.526,0.353,14.0,4.8,3.0,1.0,36.842,3.5,0.866,19,5,606.0149263157896,578.1139,241.5058,1285.297,1.0,1.0,1.0,1.0,ALA229A; ARG233A; GLU226A; LEU234A; LYS230A,2.0,1.0,0.0,0.0,2.0,0.4,0.2,0.0,0.0,0.4,1.0,0.3551301014407123,0.6542955355042492,5,109.65293606949679,123.17210901002966,548.2646803474839,2,144.24559837104465,288.4911967420893,GLU226A:123.7; ALA229A:39.7; LYS230A:123.2; ARG233A:165.3; LEU234A:96.3
Human_RPS6,12,0.051,0.001,16.0,89.886,29.505,60.381,214.613,6.0,3.779,0.485,0.438,16.0,5.25,3.0,2.0,33.333,2.769,0.722,15,4,598.1065533333332,602.768,338.0652,923.5639,1.0,1.0,1.0,1.0,ARG231A; ARG238A; LEU234A; SER235A,2.0,0.0,1.0,0.0,1.0,0.5,0.0,0.25,0.0,0.25,1.0,0.2769425389806033,0.6469298886432111,4,126.95432895435417,161.1753647210865,507.81731581741667,2,172.00997008426617,344.01994016853234,ARG231A:161.2; LEU234A:96.3; SER235A:67.5; ARG238A:182.8
TcS6_Q4DSU0,4,0.15,0.066,22.0,83.604,18.392,65.212,323.96,15.529,3.845,0.669,0.773,26.333,4.5,3.0,2.0,31.818,3.741,0.785,22,6,149.55825818181822,158.3977,46.89256,228.7671,1.0,1.0,0.9545454545454546,0.8181818181818182,ALA244A; GLN239A; LEU243A; LYS240A; LYS247A; VAL236A,2.0,0.0,1.0,0.0,3.0,0.3333333333333333,0.0,0.1666666666666666,0.0,0.5,0.9227272727272728,0.3852589777923135,0.6167345816212492,6,101.66711770925393,117.6504834611921,610.0027062555235,2,137.8168128107418,275.6336256214836,VAL236A:55.4; GLN239A:117.7; LYS240A:136.0; LEU243A:100.1; ALA244A:61.2; LYS247A:139.7
Human_RPS6,1,0.34,0.342,26.0,87.039,21.828,65.212,325.233,14.941,3.926,0.679,0.654,29.5,5.167,3.0,3.0,29.167,4.346,0.997,24,6,89.85119208333333,123.676,-353.4156,537.1443,0.7916666666666666,0.7916666666666666,0.7916666666666666,0.5833333333333334,ALA193A; ARG189A; ILE192A; LEU185A; LYS188A; LYS196A,3.0,0.0,0.0,0.0,3.0,0.5,0.0,0.0,0.0,0.5,0.7291666666666666,0.4874858724415582,0.5987450553545454,6,107.63293513777764,124.15165759941897,645.7976108266658,3,142.8067656908613,428.42029707258394,LEU185A:81.8; LYS188A:124.2; ARG189A:156.6; ILE192A:78.4; ALA193A:57.2; LYS196A:147.7
TcS6_Q4DSU0,3,0.156,0.052,23.0,101.384,30.134,71.25,354.557,17.158,3.961,0.675,0.826,21.0,3.6,2.0,1.0,33.333,4.419,0.673,21,5,162.67613714285713,122.6978,60.07325,360.7421,1.0,1.0,1.0,0.7142857142857143,ALA244A; GLN241A; GLY248A; LEU245A; LYS249A,1.0,0.0,1.0,0.0,2.0,0.2,0.0,0.2,0.0,0.4,0.9142857142857144,0.4077794983725119,0.5941513958589507,5,111.7457997501911,122.64352976287788,558.7289987509555,1,184.8257391730232,184.8257391730232,GLN241A:122.6; ALA244A:61.2; LEU245A:123.7; GLY248A:66.4; LYS249A:184.8
TcS6_Q4DSU0,14,0.015,0.002,16.0,73.527,24.015,49.513,269.763,9.0,4.03,0.595,0.625,7.75,5.5,3.0,1.0,25.0,2.401,0.992,16,4,200.739658125,210.64775,-230.1846,558.0755,0.8125,0.8125,0.8125,0.8125,ARG203A; GLU200A; ILE199A; LYS196A,2.0,1.0,0.0,0.0,1.0,0.5,0.25,0.0,0.0,0.25,0.8125,0.3147229753813335,0.5757780413834668,4,127.57151996389314,140.71972610406775,510.28607985557255,2,148.74802843120463,297.49605686240926,LYS196A:140.7; ILE199A:86.8; GLU200A:126.0; ARG203A:156.8
Human_RPS6,10,0.059,0.0,17.0,76.241,20.69,55.551,243.966,2.0,4.009,0.632,0.176,11.75,5.25,3.0,3.0,40.0,2.142,0.997,15,4,103.80040133333334,115.35,-243.5486,503.4471,0.6666666666666666,0.6,0.6,0.5333333333333333,ARG191A; HIS187A; LYS188A; VAL184A,3.0,0.0,1.0,1.0,1.0,0.75,0.0,0.25,0.25,0.25,0.5933333333333333,0.3148748325141049,0.5272061913799366,4,109.38437827814172,124.15165759941897,437.5375131125669,3,120.26466135130703,360.79398405392106,VAL184A:76.7; HIS187A:105.2; LYS188A:124.2; ARG191A:131.5
Human_RPS6,5,0.112,0.803,38.0,197.362,45.2,152.161,616.513,18.417,4.055,0.467,0.632,-2.692,4.615,6.0,6.0,32.258,4.792,0.948,31,13,-44.82212290322581,21.87815,-425.5891,276.273,0.6774193548387096,0.4516129032258064,0.2258064516129032,0.1612903225806451,ALA173A; ARG131A; ARG132A; ARG159A; GLY134A; LEU133A; LYS136A; LYS160A; LYS172A; PRO130A; PRO161A; PRO174A; VAL158A,6.0,0.0,0.0,0.0,6.0,0.4615384615384615,0.0,0.0,0.0,0.4615384615384615,0.2967741935483871,0.7978000000000001,0.5050860794044665,13,112.5980842578069,106.52572688371217,1463.7750953514897,6,150.52597718878704,903.1558631327222,PRO130A:106.5; ARG131A:228.8; ARG132A:228.4; LEU133A:148.9; GLY134A:41.4; LYS136A:95.6; VAL158A:81.9; ARG159A:133.9; LYS160A:108.5; PRO161A:88.9; LYS172A:108.0; ALA173A:44.4; PRO174A:48.6
TcS6_Q4DSU0,20,-0.065,0.001,16.0,98.771,37.182,61.589,255.631,8.0,3.971,0.507,0.562,-20.4,5.8,5.0,4.0,38.462,2.632,0.978,13,5,12.527051538461532,52.50237,-385.594,334.7957,0.6153846153846154,0.6153846153846154,0.5384615384615384,0.3846153846153846,ARG140A; ARG181A; ASN142A; LYS143A; LYS146A,4.0,0.0,1.0,0.0,0.0,0.8,0.0,0.2,0.0,0.0,0.5076923076923077,0.305828422370913,0.495501486291358,5,132.85948893080143,119.11858740732644,664.2974446540072,4,142.3198837558031,569.2795350232124,ARG140A:105.0; ASN142A:95.0; LYS143A:119.1; LYS146A:169.2; ARG181A:175.9
TcS6_Q4DSU0,10,0.067,0.001,33.0,146.861,68.365,78.496,537.942,10.0,4.149,0.668,0.333,-1.667,5.167,5.0,3.0,44.444,4.456,0.955,27,6,-55.892549629629634,22.83015,-443.9187,386.133,0.5555555555555556,0.4444444444444444,0.3333333333333333,0.2592592592592592,ARG145A; ARG152A; ASN142A; ASN149A; LEU150A; LYS146A,3.0,0.0,2.0,0.0,1.0,0.5,0.0,0.3333333333333333,0.0,0.1666666666666666,0.3555555555555555,0.4971069437686066,0.4339874303190123,6,118.54991096593933,138.37668860390863,711.299465795636,3,148.44489825045486,445.33469475136457,ASN142A:95.0; ARG145A:58.3; LYS146A:169.2; ASN149A:138.4; LEU150A:32.6; ARG152A:217.8
Human_RPS6,8,0.089,0.03,21.0,134.673,57.385,77.288,505.678,14.0,4.025,0.681,0.714,9.25,5.0,4.0,4.0,40.0,4.268,0.973,25,8,-65.26480656,21.39546,-423.7532,313.5982,0.6,0.4,0.28,0.16,ARG131A; ARG140A; GLY134A; LEU133A; LEU144A; LYS136A; LYS143A; PRO135A,4.0,0.0,0.0,0.0,3.0,0.5,0.0,0.0,0.0,0.375,0.308,0.4881605021994367,0.4094561757698028,8,119.31547730211221,148.91522399222862,954.5238184168977,4,160.20664834316682,640.8265933726673,ARG131A:228.8; LEU133A:148.9; GLY134A:41.4; PRO135A:28.8; LYS136A:95.6; ARG140A:150.0; LYS143A:166.4; LEU144A:94.6
TcS6_Q4DSU0,9,0.071,0.002,19.0,53.181,10.914,42.267,181.913,11.0,3.987,0.508,0.632,-5.0,5.833,5.0,5.0,33.333,1.839,0.904,15,6,-26.408074666666668,18.56324,-427.5047,304.7668,0.6666666666666666,0.4666666666666667,0.2666666666666666,0.2,ARG173A; LYS167A; LYS170A; LYS171A; LYS175A; VAL165A,5.0,0.0,0.0,0.0,1.0,0.8333333333333334,0.0,0.0,0.0,0.1666666666666666,0.3266666666666666,0.2418857703871058,0.3983266863021537,6,126.58094647868482,128.07240293021087,759.4856788721089,5,144.4915423501606,722.4577117508031,VAL165A:37.0; LYS167A:128.1; LYS170A:123.2; LYS171A:183.3; ARG173A:162.6; LYS175A:125.2
TcS6_Q4DSU0,19,-0.064,0.0,17.0,121.176,62.003,59.174,418.327,3.0,4.11,0.534,0.235,28.857,5.429,4.0,3.0,44.444,3.491,0.958,18,7,-57.11027944444444,42.058925,-389.4031,419.2234,0.5555555555555556,0.5555555555555556,0.3888888888888889,0.1666666666666666,ARG181A; ARG190A; ARG191A; ASN142A; ILE183A; LEU182A; VAL187A,3.0,0.0,1.0,0.0,3.0,0.4285714285714285,0.0,0.1428571428571428,0.0,0.4285714285714285,0.3555555555555555,0.3952310542746881,0.3840451547104265,7,106.99730866414886,95.96001043575329,748.9811606490421,3,159.61340674162372,478.8402202248712,ASN142A:95.0; ARG181A:175.9; LEU182A:45.3; ILE183A:96.0; VAL187A:33.8; ARG190A:156.0; ARG191A:146.9
TcS6_Q4DSU0,8,0.082,0.0,19.0,91.967,41.247,50.72,340.817,9.0,4.126,0.731,0.526,12.571,4.714,3.0,3.0,36.364,3.618,0.961,22,7,-35.77251736363636,24.948145,-377.8305,381.6989,0.6363636363636364,0.5,0.2272727272727272,0.1818181818181818,ARG134A; GLY137A; LEU136A; LEU147A; LYS143A; LYS146A; PRO138A,3.0,0.0,0.0,0.0,3.0,0.4285714285714285,0.0,0.0,0.0,0.4285714285714285,0.2954545454545454,0.3908506868590966,0.355466571569515,7,115.14894094288665,119.11858740732644,806.0425866002066,3,169.73596594107704,509.2078978232311,ARG134A:220.9; LEU136A:140.6; GLY137A:33.0; PRO138A:29.8; LYS143A:119.1; LYS146A:169.2; LEU147A:93.4
TcS6_Q4DSU0,15,0.01,0.0,19.0,65.626,28.19,37.436,185.984,4.0,4.072,0.609,0.263,-16.4,5.0,4.0,2.0,46.667,1.721,0.952,15,5,-56.99182,30.28638,-366.671,396.0783,0.5333333333333333,0.5333333333333333,0.2666666666666666,0.1333333333333333,ARG80A; ARG95A; GLU94A; GLY93A; LYS79A,3.0,1.0,0.0,0.0,0.0,0.6,0.2,0.0,0.0,0.0,0.2799999999999999,0.2775450948749883,0.3431407832062459,5,96.31914725481519,105.66356076223163,481.595736274076,3,120.8779421251898,362.6338263755694,LYS79A:120.9; ARG80A:105.7; GLY93A:72.8; GLU94A:46.1; ARG95A:136.1
Human_RPS6,2,0.246,0.003,21.0,68.631,23.948,44.682,258.921,7.0,3.652,0.485,0.381,-2.333,5.5,5.0,4.0,47.368,3.236,0.924,19,6,-50.51352842105263,24.15239,-323.5957,383.5129,0.5263157894736842,0.4736842105263157,0.2105263157894736,0.0526315789473684,ARG170A; ASN163A; LEU162A; LYS164A; LYS167A; LYS168A,4.0,0.0,1.0,0.0,1.0,0.6666666666666666,0.0,0.1666666666666666,0.0,0.1666666666666666,0.2263157894736841,0.2794553933562467,0.3329848262711775,6,124.53758131296144,135.18200303447315,747.2254878777686,4,144.3415457522779,577.3661830091116,LEU162A:42.0; ASN163A:127.9; LYS164A:135.2; LYS167A:128.2; LYS168A:177.0; ARG170A:137.0
TcS6_Q4DSU0,7,0.089,0.008,30.0,112.907,15.089,97.818,340.07,9.0,3.877,0.492,0.333,13.0,4.667,4.0,4.0,41.667,3.54,0.905,24,9,-72.93565991666667,10.911555,-464.6481,354.562,0.5833333333333334,0.375,0.1666666666666666,0.125,ALA176A; ARG135A; ARG163A; GLY137A; ILE161A; LEU136A; LYS139A; LYS175A; PRO177A,4.0,0.0,0.0,0.0,4.0,0.4444444444444444,0.0,0.0,0.0,0.4444444444444444,0.2375,0.3495126913038587,0.3180933308452394,9,103.98222924324942,92.22993464629307,935.8400631892448,4,141.75437508700833,567.0175003480333,ARG135A:215.7; LEU136A:140.6; GLY137A:33.0; LYS139A:92.2; ILE161A:89.3; ARG163A:133.8; LYS175A:125.2; ALA176A:56.1; PRO177A:49.8
Human_RPS6,6,0.108,0.0,20.0,87.635,59.86,27.775,254.207,3.0,3.92,0.502,0.2,1.0,5.714,6.0,3.0,53.333,2.702,0.975,15,7,-100.9270966666667,-76.87533,-400.0642,308.8266,0.3333333333333333,0.2666666666666666,0.2,0.0666666666666666,ARG85A; ARG87A; CYS83A; GLU91A; LYS93A; LYS95A; TYR84A,4.0,1.0,2.0,1.0,0.0,0.5714285714285714,0.1428571428571428,0.2857142857142857,0.1428571428571428,0.0,0.1866666666666666,0.2951873458312438,0.3016012853266496,7,88.24351387227894,73.36404244295565,617.7045971059525,4,125.94583687184736,503.78334748738945,CYS83A:53.0; TYR84A:27.1; ARG85A:152.3; ARG87A:190.7; GLU91A:33.8; LYS93A:87.4; LYS95A:73.4
TcS6_Q4DSU0,13,0.019,0.002,15.0,94.613,26.986,67.627,350.134,6.0,4.269,0.572,0.467,41.333,5.0,3.0,2.0,37.5,3.487,0.958,16,6,-39.081243125,25.29915,-384.8881,292.8327,0.625,0.5,0.1875,0.0625,ARG157A; ILE179A; LEU182A; LYS178A; THR184A; VAL187A,2.0,0.0,1.0,0.0,3.0,0.3333333333333333,0.0,0.1666666666666666,0.0,0.5,0.2375,0.3575898159091982,0.298698102234886,6,77.01286826881363,45.34943030850508,462.0772096128818,2,152.46409900061514,304.92819800123027,ARG157A:132.9; LYS178A:172.0; ILE179A:40.6; LEU182A:45.3; THR184A:37.4; VAL187A:33.8
TcS6_Q4DSU0,1,0.328,0.156,57.0,148.433,61.405,87.028,601.269,28.133,4.04,0.54,0.526,38.545,4.364,5.0,1.0,45.946,4.762,0.861,37,11,-102.5113894054054,-13.20546,-397.1977,394.9775,0.4054054054054054,0.1621621621621621,0.081081081081081,0.054054054054054,ALA106A; ARG24A; GLU20A; ILE109A; LEU23A; LEU28A; LYS59A; MET1A; SER107A; THR29A; VAL26A,2.0,1.0,2.0,0.0,6.0,0.1818181818181818,0.0909090909090909,0.1818181818181818,0.0,0.5454545454545454,0.1378378378378378,0.5462312098017722,0.2895715868212836,11,70.55300474118458,31.78894668121456,776.0830521530304,2,167.35811331113084,334.7162266222617,MET1A:31.5; GLU20A:118.2; LEU23A:31.8; ARG24A:189.2; VAL26A:27.8; LEU28A:20.1; THR29A:83.1; LYS59A:145.5; ALA106A:19.2; SER107A:104.4; ILE109A:5.4
TcS6_Q4DSU0,18,-0.049,0.024,18.0,125.079,23.638,101.441,413.295,14.0,4.142,0.678,0.833,59.667,4.0,1.0,1.0,25.0,3.711,0.966,20,9,-37.15673735000001,14.871905,-372.4134,311.8881,0.75,0.3,0.1,0.05,ALA82A; GLY81A; LEU100A; LEU76A; LEU77A; LYS79A; VAL65A; VAL78A; VAL83A,1.0,0.0,0.0,0.0,7.0,0.1111111111111111,0.0,0.0,0.0,0.7777777777777778,0.215,0.440556922308152,0.2731671450300754,9,55.79455986404858,56.55077891487949,502.1510387764372,1,120.87089239127513,120.87089239127513,VAL65A:22.9; LEU76A:62.8; LEU77A:98.0; VAL78A:10.9; LYS79A:120.9; GLY81A:56.6; ALA82A:44.3; VAL83A:81.0; LEU100A:4.8
Human_RPS6,4,0.134,0.001,15.0,47.222,13.012,34.209,161.019,3.0,3.887,0.644,0.267,30.833,4.167,3.0,1.0,35.714,1.967,0.983,14,6,-80.68510835714287,5.6574115,-448.4371,296.8055,0.5714285714285714,0.3571428571428571,0.2142857142857142,0.2142857142857142,ALA33A; ARG51A; GLN65A; ILE52A; MET32A; SER53A,1.0,0.0,2.0,0.0,3.0,0.1666666666666666,0.0,0.3333333333333333,0.0,0.5,0.2857142857142856,0.2625341312102697,0.2537917078283562,6,54.29774594985062,59.00182437046901,325.78647569910373,1,96.28258916942391,96.28258916942391,MET32A:23.2; ALA33A:59.0; ARG51A:96.3; ILE52A:0.0; SER53A:53.5; GLN65A:93.8
Human_RPS6,13,-0.037,0.009,15.0,91.398,23.771,67.627,203.634,10.0,4.142,0.478,0.733,35.0,4.167,1.0,1.0,33.333,2.056,0.94,12,6,-69.26333616666666,11.974135,-425.5891,259.2572,0.6666666666666666,0.25,0.1666666666666666,0.1666666666666666,ARG131A; GLY134A; LEU133A; LEU144A; PRO135A; VAL158A,1.0,0.0,0.0,0.0,4.0,0.1666666666666666,0.0,0.0,0.0,0.6666666666666666,0.2666666666666666,0.2746896410165148,0.2494747076891134,6,104.05966461523849,94.57195427043241,624.3579876914309,1,228.78801809489164,228.78801809489164,ARG131A:228.8; LEU133A:148.9; GLY134A:41.4; PRO135A:28.8; LEU144A:94.6; VAL158A:81.9
TcS6_Q4DSU0,16,-0.039,0.0,17.0,64.477,34.287,30.191,177.024,6.0,4.079,0.578,0.412,37.25,5.25,2.0,1.0,41.667,1.31,0.931,12,4,-78.23202666666667,-82.85243,-354.6111,383.1746,0.3333333333333333,0.1666666666666666,0.1666666666666666,0.1666666666666666,ARG89A; GLY90A; PHE88A; TYR91A,1.0,0.0,1.0,2.0,1.0,0.25,0.0,0.25,0.5,0.25,0.1999999999999999,0.2652884886437179,0.2328509710253012,4,124.7334994084197,151.56279491785614,498.9339976336788,1,146.7357126728742,146.7357126728742,PHE88A:151.6; ARG89A:146.7; GLY90A:17.8; TYR91A:182.8
Human_RPS6,3,0.198,0.0,15.0,72.265,42.075,30.191,315.779,3.0,4.059,0.664,0.267,17.857,4.714,5.0,1.0,50.0,3.72,0.955,12,7,-113.88770519999998,-30.0083845,-392.5509,275.4682,0.25,0.0833333333333333,0.0833333333333333,0.0833333333333333,ALA37A; ARG25A; GLU35A; LYS30A; THR26A; TYR28A; VAL36A,2.0,1.0,2.0,1.0,2.0,0.2857142857142857,0.1428571428571428,0.2857142857142857,0.1428571428571428,0.2857142857142857,0.1166666666666666,0.3489736091287653,0.231783620337925,7,70.10439412303135,53.044573017914054,490.73075886121944,2,117.87605609690516,235.75211219381032,ARG25A:158.2; THR26A:42.6; TYR28A:40.1; LYS30A:77.5; GLU35A:111.9; VAL36A:7.2; ALA37A:53.0
TcS6_Q4DSU0,12,0.022,0.0,22.0,100.886,67.072,33.814,292.447,1.0,3.846,0.442,0.091,-13.8,4.0,4.0,-1.0,52.941,3.073,0.868,17,5,-49.163345588235295,9.431814,-410.3481,362.0266,0.7058823529411765,0.0588235294117647,0.0588235294117647,0.0588235294117647,ALA45A; ARG47A; ASP44A; GLN122A; GLU121A,1.0,2.0,1.0,0.0,1.0,0.2,0.4,0.2,0.0,0.2,0.188235294117647,0.3057650002487988,0.2317236324400207,5,129.75377829186385,129.01175170000482,648.7688914593193,1,165.95990980153886,165.95990980153886,ASP44A:129.0; ALA45A:64.9; ARG47A:166.0; GLU121A:174.7; GLN122A:114.2
TcS6_Q4DSU0,6,0.097,0.0,25.0,74.613,48.857,25.756,232.582,2.0,4.152,0.555,0.12,21.0,3.625,3.0,1.0,50.0,2.485,0.955,16,8,-151.673256875,-180.74215,-542.4581,349.1049,0.375,0.25,0.1875,0.1875,ARG32A; ASN35A; CYS103A; GLN66A; GLY34A; GLY67A; LEU33A; MET69A,1.0,0.0,3.0,0.0,2.0,0.125,0.0,0.375,0.0,0.25,0.225,0.2897712267963858,0.227669929378735,8,63.38641329019285,61.44344504809777,507.0913063215428,1,103.64239827898874,103.64239827898874,ARG32A:103.6; LEU33A:6.6; GLY34A:31.5; ASN35A:44.6; GLN66A:133.8; GLY67A:61.4; MET69A:124.3; CYS103A:1.3
Human_RPS6,7,0.105,0.0,16.0,91.017,47.543,43.475,268.432,3.0,4.014,0.484,0.25,31.4,5.0,5.0,0.0,40.0,3.384,0.93,15,10,-93.78043313333332,-1.603883,-400.3093,147.6044,0.4666666666666667,0.1333333333333333,0.0666666666666666,0.0666666666666666,GLU17A; GLU44A; ILE121A; ILE16A; LEU41A; LYS14A; LYS23A; PRO122A; TRP45A; VAL18A,2.0,2.0,0.0,1.0,6.0,0.2,0.2,0.0,0.1,0.6,0.1466666666666666,0.2990260787522342,0.2106591275632819,10,51.130210861885516,63.293667191873574,511.3021086188552,2,71.04155095875102,142.08310191750203,LYS14A:78.8; ILE16A:33.8; GLU17A:121.9; VAL18A:15.7; LYS23A:63.3; LEU41A:11.3; GLU44A:85.5; TRP45A:6.9; ILE121A:8.5; PRO122A:85.6
TcS6_Q4DSU0,17,-0.044,0.0,15.0,71.371,41.18,30.191,139.102,0.0,3.757,0.343,0.067,30.167,4.833,3.0,2.0,50.0,1.758,0.954,12,6,-128.40914583333333,-80.62141,-443.9187,214.86,0.5,0.5,0.0833333333333333,0.0833333333333333,ALA141A; ARG145A; ARG181A; ASN142A; ILE183A; LEU182A,2.0,0.0,1.0,0.0,3.0,0.3333333333333333,0.0,0.1666666666666666,0.0,0.5,0.1666666666666666,0.1964004833863351,0.2104068358518839,6,79.03706343616481,95.01790963079479,474.2223806169889,2,117.136072796908,234.272145593816,ALA141A:3.6; ASN142A:95.0; ARG145A:58.3; ARG181A:175.9; LEU182A:45.3; ILE183A:96.0
Human_RPS6,11,0.052,0.0,15.0,68.51,41.942,26.568,181.812,0.0,3.944,0.486,0.0,4.625,3.25,3.0,1.0,66.667,2.0,0.937,12,8,-121.69035666666666,-203.5256,-376.8167,417.0351,0.3333333333333333,0.25,0.1666666666666666,0.1666666666666666,ALA9A; ARG131A; GLY11A; PRO130A; PRO8A; THR10A; THR128A; VAL129A,1.0,0.0,2.0,0.0,4.0,0.125,0.0,0.25,0.0,0.5,0.1999999999999999,0.2472952332622953,0.2015533316418033,8,96.42882402426318,91.99839926772349,771.4305921941054,1,228.78801809489164,228.78801809489164,PRO8A:92.0; ALA9A:82.1; THR10A:21.5; GLY11A:49.5; THR128A:104.4; VAL129A:86.7; PRO130A:106.5; ARG131A:228.8
