Residue	SASA
G:MET1	31.19
G:LYS2	76.30
G:LEU3	0.00
G:ASN4	49.27
G:ILE5	0.00
G:SER6	29.63
G:PHE7	18.11
G:PRO8	77.52
G:ALA9	60.66
G:THR10	15.43
G:GLY11	41.69
G:CYS12	16.41
G:GLN13	131.71
G:LYS14	54.52
G:LEU15	99.10
G:ILE16	43.47
G:GLU17	115.53
G:VAL18	9.66
G:ASP19	134.42
G:ASP20	52.79
G:GLU21	86.24
G:ARG22	162.96
G:LYS23	60.88
G:LEU24	0.00
G:ARG25	149.29
G:THR26	53.68
G:PHE27	1.21
G:TYR28	37.42
G:GLU29	115.14
G:LYS30	65.57
G:ARG31	124.81
G:MET32	25.34
G:ALA33	59.98
G:THR34	39.29
G:GLU35	124.39
G:VAL36	6.04
G:ALA37	58.38
G:ALA38	1.21
G:ASP39	61.25
G:ALA40	47.79
G:LEU41	15.55
G:GLY42	14.49
G:GLU43	138.05
G:GLU44	82.69
G:TRP45	8.75
G:LYS46	92.57
G:GLY47	28.97
G:TYR48	0.00
G:VAL49	32.61
G:VAL50	0.00
G:ARG51	82.41
G:ILE52	0.00
G:SER53	47.71
G:GLY54	1.21
G:GLY55	6.50
G:ASN56	38.70
G:ASP57	13.93
G:LYS58	113.78
G:GLN59	117.20
G:GLY60	43.60
G:PHE61	56.76
G:PRO62	30.19
G:MET63	10.71
G:LYS64	11.39
G:GLN65	78.25
G:GLY66	38.88
G:VAL67	14.49
G:LEU68	109.31
G:THR69	47.10
G:HIS70	106.23
G:GLY71	31.17
G:ARG72	93.32
G:VAL73	40.95
G:ARG74	118.78
G:LEU75	41.06
G:LEU76	54.99
G:LEU77	0.00
G:SER78	30.02
G:LYS79	156.95
G:GLY80	81.23
G:HIS81	72.85
G:SER82	47.60
G:CYS83	30.52
G:TYR84	27.96
G:ARG85	155.21
G:PRO86	39.95
G:ARG87	148.66
G:ARG88	147.57
G:THR89	119.69
G:GLY90	55.10
G:GLU91	17.30
G:ARG92	119.62
G:LYS93	89.63
G:ARG94	112.45
G:LYS95	62.38
G:SER96	6.47
G:VAL97	0.00
G:ARG98	1.09
G:GLY99	0.00
G:CYS100	1.29
G:ILE101	27.78
G:VAL102	0.00
G:ASP103	33.35
G:ALA104	50.32
G:ASN105	91.26
G:LEU106	0.00
G:SER107	31.91
G:VAL108	20.53
G:LEU109	0.00
G:ASN110	35.91
G:LEU111	1.07
G:VAL112	18.11
G:ILE113	8.57
G:VAL114	62.20
G:LYS115	113.22
G:LYS116	91.60
G:GLY117	16.62
G:GLU118	142.89
G:LYS119	89.61
G:ASP120	76.10
G:ILE121	4.83
G:PRO122	80.23
G:GLY123	27.69
G:LEU124	0.00
G:THR125	15.00
G:ASP126	87.10
G:THR127	61.98
G:THR128	117.85
G:VAL129	83.04
G:PRO130	63.05
G:ARG131	157.64
G:ARG132	132.93
G:LEU133	145.66
G:GLY134	32.43
G:PRO135	23.90
G:LYS136	93.97
G:ARG137	78.79
G:ALA138	0.00
G:SER139	49.22
G:ARG140	126.16
G:ILE141	0.00
G:ARG142	59.13
G:LYS143	155.86
G:LEU144	109.72
G:PHE145	70.55
G:ASN146	133.02
G:LEU147	24.92
G:SER148	63.60
G:LYS149	180.78
G:GLU150	177.12
G:ASP151	46.62
G:ASP152	75.69
G:VAL153	5.70
G:ARG154	164.60
G:GLN155	131.60
G:TYR156	81.37
G:VAL157	24.93
G:VAL158	58.22
G:ARG159	135.55
G:LYS160	89.41
G:PRO161	66.11
G:LEU162	58.63
G:ASN163	122.18
G:LYS164	127.07
G:GLU165	140.78
G:GLY166	93.60
G:LYS167	126.99
G:LYS168	173.21
G:PRO169	93.75
G:ARG170	154.52
G:THR171	68.81
G:LYS172	138.76
G:ALA173	47.75
G:PRO174	46.01
G:LYS175	140.94
G:ILE176	23.29
G:GLN177	83.48
G:ARG178	160.73
G:LEU179	37.55
G:VAL180	100.88
G:THR181	44.94
G:PRO182	101.03
G:ARG183	168.49
G:VAL184	72.05
G:LEU185	85.33
G:GLN186	111.50
G:HIS187	106.54
G:LYS188	123.40
G:ARG189	148.38
G:ARG190	147.18
G:ARG191	130.32
G:ILE192	85.61
G:ALA193	30.08
G:LEU194	59.97
G:LYS195	116.59
G:LYS196	129.71
G:GLN197	97.83
G:ARG198	109.25
G:THR199	83.55
G:LYS200	114.01
G:LYS201	85.06
G:ASN202	81.85
G:LYS203	138.40
G:GLU204	102.93
G:GLU205	91.79
G:ALA206	60.39
G:ALA207	53.93
G:GLU208	76.40
G:TYR209	113.72
G:ALA210	56.08
G:LYS211	157.83
G:LEU212	66.19
G:LEU213	61.59
G:ALA214	54.73
G:LYS215	94.17
G:ARG216	111.51
G:MET217	116.78
G:LYS218	125.32
G:GLU219	95.59
G:ALA220	59.18
G:LYS221	96.31
G:GLU222	91.94
G:LYS223	108.32
G:ARG224	204.34
G:GLN225	111.92
G:GLU226	122.76
G:GLN227	172.66
